user_id,country
7845,Sweden
10325,Sweden
10625,Finland
10807,Spain
10812,Finland
11207,Sweden
11507,United Kingdom
11892,United Kingdom
12048,Sweden
12262,United Kingdom
12771,Sweden
12931,Spain
1294,United Kingdom
13032,Sweden
13095,Finland
13236,Finland
13340,Finland
13460,Spain
14646,Sweden
14999,Sweden
15363,Spain
15464,United Kingdom
1561,Finland
15641,United Kingdom
1603,Finland
16171,Malta
16392,United Kingdom
1646,Sweden
16918,United Kingdom
17103,United Kingdom
17400,Sweden
17554,United Kingdom
1757,United Kingdom
18441,United Kingdom
19066,United Kingdom
19165,Spain
19602,Sweden
19875,Norway
20218,United Kingdom
20579,Norway
20620,Finland
21104,United Kingdom
21333,United Kingdom
21683,United Kingdom
21996,Finland
22426,Norway
22579,Sweden
240,United Kingdom
24074,Sweden
243,Finland
24377,Sweden
24417,United Kingdom
24628,Sweden
24674,Sweden
26025,Sweden
2668,Finland
26871,Spain
27275,Finland
27394,Norway
27797,Sweden
28991,Spain
29185,Finland
29664,United Kingdom
2971,Canada
29803,United Kingdom
29856,Finland
29857,Canada
30013,Sweden
30123,United Kingdom
30143,Sweden
30232,Sweden
3037,United Kingdom
30420,Finland
30593,Sweden
30731,Sweden
30740,Spain
31151,Sweden
31412,Spain
31521,Finland
31601,Sweden
31717,Sweden
31935,Canada
32184,Sweden
32189,Sweden
32331,Spain
32458,United Kingdom
32933,Sweden
33224,Finland
33608,Finland
33748,Sweden
34092,United Kingdom
34325,India
34353,Sweden
3497,United Kingdom
35269,Norway
35732,Sweden
35904,Sweden
36165,United Kingdom
36528,Spain
37253,Sweden
3727,Sweden
37278,United Kingdom
37365,Canada
37755,Finland
38591,Finland
39146,Sweden
39229,Norway
39277,Sweden
39288,Sweden
39763,Sweden
39814,Spain
40005,United Kingdom
40160,Canada
40690,United Kingdom
40712,Sweden
40836,United Kingdom
41144,United Kingdom
41434,United Kingdom
41849,Sweden
41852,Malta
42511,Finland
42733,Spain
43013,United Kingdom
43238,Norway
43687,Sweden
44160,Finland
44194,India
44230,Canada
44287,Norway
44592,Finland
44870,Canada
44968,United Kingdom
45432,Sweden
45451,United Kingdom
45859,Finland
45955,United Kingdom
46370,United Kingdom
46598,Norway
46616,Sweden
46685,Malta
46820,Sweden
47256,Sweden
47473,Sweden
47566,India
47589,Canada
47808,Sweden
48138,Sweden
48185,Malta
48307,United Kingdom
48564,Japan
49226,United Kingdom
49622,United Kingdom
49925,United Kingdom
50084,Sweden
50862,Sweden
51052,Finland
5106,Finland
51091,Spain
51507,United Kingdom
51716,Spain
51724,Sweden
51771,Sweden
5207,Sweden
52108,Spain
523,Norway
52403,Malta
52532,United Kingdom
52637,Spain
53178,Sweden
53281,Spain
53363,Spain
53508,Sweden
5364,Finland
54157,United Kingdom
57081,Finland
57888,Sweden
57919,Finland
58187,Norway
58279,Sweden
58306,United Kingdom
58596,United Kingdom
58604,Sweden
59139,Sweden
59209,Sweden
59242,Sweden
59448,Sweden
59487,Malta
59985,United Kingdom
60026,Spain
60049,Sweden
60135,Finland
60158,Sweden
60179,United Kingdom
60252,United Kingdom
60618,United Kingdom
60694,United Kingdom
61343,Sweden
61437,Norway
61651,Canada
61910,Finland
62071,United Kingdom
62133,Sweden
62454,Finland
62660,United Kingdom
63188,United Kingdom
63390,Sweden
6374,Finland
63853,Malta
63865,Canada
6413,Sweden
64225,United Kingdom
64458,Germany
64476,United Kingdom
64572,Spain
64948,Sweden
65049,United Kingdom
65166,Finland
65182,Norway
65779,United Kingdom
65891,India
66068,United Kingdom
66073,Finland
66410,Sweden
6650,Sweden
67410,Malta
67519,United Kingdom
67811,United Kingdom
6868,Sweden
69217,Japan
69253,Finland
69542,Finland
69580,United Kingdom
69847,Sweden
70647,Sweden
70718,United Kingdom
70978,United Kingdom
71018,Finland
71316,Finland
72167,Finland
72376,United Kingdom
72509,Spain
72703,Finland
72819,Sweden
73254,United Kingdom
73362,Canada
73496,United Kingdom
73650,United Kingdom
73786,Finland
73988,Malta
74145,Sweden
74194,United Kingdom
74206,United Kingdom
74397,Finland
74569,Spain
7458,Japan
74781,United Kingdom
74819,Finland
74857,Finland
75050,Sweden
75343,Sweden
75781,Sweden
76001,Norway
76100,Finland
76145,Spain
76211,Finland
76334,Malta
76771,Spain
76831,Sweden
77379,Sweden
77410,Sweden
77786,United Kingdom
77803,Norway
77983,Finland
78042,India
78263,United Kingdom
797,United Kingdom
80087,Spain
80285,Sweden
80349,Finland
80843,United Kingdom
81158,Finland
81621,Finland
81677,Sweden
81678,Finland
81995,Canada
82126,Malta
82221,Malta
82771,United Kingdom
83478,Finland
83723,Malta
83733,Finland
83758,Sweden
84199,Sweden
85217,India
85699,Spain
85718,Sweden
85964,Spain
86426,Sweden
86484,Sweden
86547,Norway
86738,Sweden
87135,Spain
87406,Finland
88052,Finland
88851,Malta
88974,United Kingdom
890,Finland
89483,Sweden
89562,Finland
89821,United Kingdom
90082,Finland
90115,Malta
90154,Finland
91103,Sweden
91210,United Kingdom
91315,Sweden
91792,Sweden
91996,Spain
9223,Sweden
92319,Finland
92555,Malta
92740,Sweden
92754,Sweden
92850,United Kingdom
9312,United Kingdom
9326,United Kingdom
93432,Finland
93620,Sweden
93766,Sweden
93874,Finland
94352,United Kingdom
94986,Spain
95718,Sweden
96038,United Kingdom
9713,Finland
97139,Finland
97309,Finland
97894,Spain
97957,Sweden
98443,United Kingdom
98514,Malta
98618,United Kingdom
98897,Sweden
99211,Spain
99226,Sweden
99338,United Kingdom
99366,Norway
99452,Norway
99613,United Kingdom
99981,Norway
